{
  "bflbf": true,
  "ipmak": 98,
  "cmiry": 0.9365373153434499,
  "catnb": 98,
  "olyvz": true,
  "lzswl": 90,
  "axzxv": 0.9969622787700221,
  "gbinx": -7,
  "gijye": 0.3237857855948626,
  "zyude": false,
  "feowi": 78,
  "fkoss": -72
}