{
  "gxwwb": 45,
  "gefll": 80,
  "ylwxk": 0.0050905962827230145,
  "agrhy": false,
  "odrpu": true,
  "nsbxy": false,
  "obugu": 0.21839999919992914,
  "qtqzy": false
}